Date,D4,D3,D2,D1,D0,None
11/06/2018,0.00,0.00,0.00,3.46,19.55,80.45
10/30/2018,0.00,0.00,0.00,1.93,18.72,81.28
10/23/2018,0.00,0.00,0.00,3.58,33.21,66.79
10/16/2018,0.00,0.00,0.00,3.58,23.82,76.18
10/09/2018,0.00,0.00,0.00,8.27,57.41,42.59
10/02/2018,0.00,0.00,0.00,8.27,45.48,54.52
09/25/2018,0.00,0.00,0.00,6.72,29.05,70.95
09/18/2018,0.00,0.00,0.00,1.90,17.29,82.71
09/11/2018,0.00,0.00,0.00,0.00,6.99,93.01
09/04/2018,0.00,0.00,0.00,0.00,7.84,92.16
08/28/2018,0.00,0.00,0.00,0.00,0.00,100.00
08/21/2018,0.00,0.00,0.00,0.00,0.00,100.00
08/14/2018,0.00,0.00,0.00,0.00,0.00,100.00
08/07/2018,0.00,0.00,0.00,0.00,0.00,100.00
07/31/2018,0.00,0.00,0.00,0.00,0.00,100.00
07/24/2018,0.00,0.00,0.00,0.00,0.00,100.00
07/17/2018,0.00,0.00,0.00,0.00,0.00,100.00
07/10/2018,0.00,0.00,0.00,0.00,0.00,100.00
07/03/2018,0.00,0.00,0.00,0.00,0.00,100.00
06/26/2018,0.00,0.00,0.00,0.00,0.00,100.00
06/19/2018,0.00,0.00,0.00,0.00,0.00,100.00
06/12/2018,0.00,0.00,0.00,0.00,0.00,100.00
06/05/2018,0.00,0.00,0.00,0.00,0.00,100.00
05/29/2018,0.00,0.00,0.00,0.00,0.83,99.17
05/22/2018,0.00,0.00,0.00,0.00,33.37,66.63
05/15/2018,0.00,0.00,5.30,30.19,59.72,40.28
05/08/2018,0.00,0.00,5.30,30.19,59.50,40.50
05/01/2018,0.00,0.00,5.30,28.48,57.54,42.46
04/24/2018,0.00,0.00,8.66,32.73,58.13,41.87
04/17/2018,0.00,0.00,16.71,49.84,71.80,28.20
04/10/2018,0.00,0.00,17.72,56.92,76.31,23.69
04/03/2018,0.00,0.00,16.00,51.19,68.73,31.27
03/27/2018,0.00,0.00,10.42,50.54,68.85,31.15
03/20/2018,0.00,0.00,10.42,49.86,66.08,33.92
03/13/2018,0.00,0.00,7.46,51.71,68.20,31.80
03/06/2018,0.00,0.00,2.07,37.36,70.34,29.66
02/27/2018,0.00,0.00,0.00,26.88,68.17,31.83
02/20/2018,0.00,0.00,0.00,23.03,68.17,31.83
02/13/2018,0.00,0.00,0.00,23.24,70.87,29.13
02/06/2018,0.00,0.00,11.53,46.63,92.53,7.47
01/30/2018,0.00,0.00,22.51,50.48,98.46,1.54
01/23/2018,0.00,0.00,17.88,54.62,99.65,0.35
01/16/2018,0.00,0.00,10.33,37.54,97.73,2.27
01/09/2018,0.00,0.00,6.70,36.04,98.02,1.98
01/02/2018,0.00,0.00,0.00,40.66,87.86,12.14
12/26/2017,0.00,0.00,0.00,39.98,69.33,30.67
12/19/2017,0.00,0.00,0.00,38.44,76.13,23.87
12/12/2017,0.00,0.00,0.00,36.72,75.20,24.80
12/05/2017,0.00,0.00,0.00,44.68,75.09,24.91
11/28/2017,0.00,0.00,0.00,11.20,66.87,33.13
11/21/2017,0.00,0.00,0.00,11.20,66.87,33.13
11/14/2017,0.00,0.00,0.00,3.07,51.97,48.03
11/07/2017,0.00,0.00,0.00,0.00,20.79,79.21
10/31/2017,0.00,0.00,0.00,0.00,16.60,83.40
10/24/2017,0.00,0.00,0.00,0.00,16.60,83.40
10/17/2017,0.00,0.00,0.00,0.00,25.06,74.94
10/10/2017,0.00,0.00,0.00,0.00,0.00,100.00
10/03/2017,0.00,0.00,0.00,0.00,0.00,100.00
09/26/2017,0.00,0.00,0.00,0.00,0.00,100.00
09/19/2017,0.00,0.00,0.00,0.00,0.00,100.00
09/12/2017,0.00,0.00,0.00,0.00,0.00,100.00
09/05/2017,0.00,0.00,0.00,0.00,9.64,90.36
08/29/2017,0.00,0.00,0.00,0.00,12.12,87.88
08/22/2017,0.00,0.00,0.00,0.00,0.00,100.00
08/15/2017,0.00,0.00,0.00,0.00,0.00,100.00
08/08/2017,0.00,0.00,0.00,0.00,0.00,100.00
08/01/2017,0.00,0.00,0.00,0.00,0.00,100.00
07/25/2017,0.00,0.00,0.00,0.00,0.00,100.00
07/18/2017,0.00,0.00,0.00,0.00,1.03,98.97
07/11/2017,0.00,0.00,0.00,0.00,1.03,98.97
07/04/2017,0.00,0.00,0.00,0.00,1.03,98.97
06/27/2017,0.00,0.00,0.00,0.19,24.15,75.85
06/20/2017,0.00,0.00,0.00,6.40,30.23,69.77
06/13/2017,0.00,0.00,2.39,16.60,37.17,62.83
06/06/2017,0.00,0.00,7.20,21.10,40.31,59.69
05/30/2017,0.00,0.00,17.49,33.29,54.83,45.17
05/23/2017,0.00,6.37,20.83,41.17,70.38,29.62
05/16/2017,0.00,7.21,23.19,54.01,88.17,11.83
05/09/2017,0.00,6.24,23.47,54.20,88.13,11.87
05/02/2017,0.00,1.11,24.06,56.83,88.57,11.43
04/25/2017,0.00,1.64,15.86,59.47,90.87,9.13
04/18/2017,0.00,3.68,12.77,59.16,97.25,2.75
04/11/2017,0.00,3.68,6.61,25.45,96.16,3.84
04/04/2017,0.00,4.16,15.05,29.94,98.91,1.09
03/28/2017,0.00,4.59,17.22,26.80,98.91,1.09
03/21/2017,0.00,6.94,19.08,26.89,61.50,38.50
03/14/2017,0.00,6.94,19.08,26.59,31.50,68.50
03/07/2017,0.00,8.69,19.39,27.56,33.74,66.26
02/28/2017,0.00,8.69,19.39,27.56,33.74,66.26
02/21/2017,0.00,8.08,19.91,28.32,36.93,63.07
02/14/2017,0.00,5.39,19.79,30.94,36.93,63.07
02/07/2017,0.00,3.57,19.58,36.22,42.36,57.64
01/31/2017,0.00,3.57,19.58,36.22,42.36,57.64
01/24/2017,0.00,3.57,19.58,36.22,42.36,57.64
01/17/2017,0.00,19.28,34.43,48.34,88.56,11.44
01/10/2017,0.00,19.28,34.43,48.34,88.56,11.44
01/03/2017,0.00,19.28,39.33,73.48,88.69,11.31
12/27/2016,26.52,49.64,59.38,80.67,91.16,8.84
12/20/2016,26.52,49.64,59.38,80.67,91.16,8.84
12/13/2016,27.25,50.18,63.26,83.09,90.91,9.09
12/06/2016,27.25,50.18,72.00,89.31,100.00,0.00
11/29/2016,33.22,62.36,74.56,88.87,100.00,0.00
11/22/2016,33.78,56.60,67.76,76.64,100.00,0.00
11/15/2016,22.25,52.39,58.03,69.18,84.31,15.69
11/08/2016,17.22,42.02,50.53,64.43,84.31,15.69
11/01/2016,14.00,39.57,49.92,57.84,73.59,26.41
10/25/2016,12.13,33.67,49.92,57.89,66.05,33.95
10/18/2016,4.59,29.24,47.54,57.89,66.05,33.95
10/11/2016,3.61,23.12,42.63,55.33,61.96,38.04
10/04/2016,2.29,15.01,37.46,51.86,64.68,35.32
09/27/2016,1.58,14.67,34.50,45.84,64.63,35.37
09/20/2016,0.00,11.01,30.98,41.09,60.64,39.36
09/13/2016,0.00,7.46,29.49,41.08,60.64,39.36
09/06/2016,0.00,5.27,27.26,39.80,58.16,41.84
08/30/2016,0.00,5.27,28.20,49.28,81.32,18.68
08/23/2016,0.00,5.92,28.68,48.97,73.98,26.02
08/16/2016,0.00,9.34,29.79,45.09,70.76,29.24
08/09/2016,0.00,8.83,30.41,44.75,68.15,31.85
08/02/2016,0.00,12.52,30.86,43.08,67.81,32.19
07/26/2016,0.00,10.59,28.47,37.74,65.11,34.89
07/19/2016,0.00,9.65,28.48,37.55,65.04,34.96
07/12/2016,0.00,8.68,28.13,33.76,55.28,44.72
07/05/2016,0.00,6.77,28.12,33.76,48.31,51.69
06/28/2016,0.00,1.96,25.21,32.69,48.28,51.72
06/21/2016,0.00,0.00,14.55,31.61,47.63,52.37
06/14/2016,0.00,0.00,8.93,31.45,37.84,62.16
06/07/2016,0.00,0.00,4.06,27.96,35.29,64.71
05/31/2016,0.00,0.00,4.06,27.96,37.36,62.64
05/24/2016,0.00,0.00,0.00,27.04,38.29,61.71
05/17/2016,0.00,0.00,0.00,27.04,47.08,52.92
05/10/2016,0.00,0.00,0.00,26.44,41.88,58.12
05/03/2016,0.00,0.00,0.00,12.32,37.08,62.92
04/26/2016,0.00,0.00,0.00,7.02,25.79,74.21
04/19/2016,0.00,0.00,0.00,0.00,21.42,78.58
04/12/2016,0.00,0.00,0.00,0.00,21.37,78.63
04/05/2016,0.00,0.00,0.00,0.00,18.73,81.27
03/29/2016,0.00,0.00,0.00,0.00,31.43,68.57
03/22/2016,0.00,0.00,0.00,0.00,23.38,76.62
03/15/2016,0.00,0.00,0.00,0.00,13.22,86.78
03/08/2016,0.00,0.00,0.00,0.00,9.64,90.36
03/01/2016,0.00,0.00,0.00,0.00,2.74,97.26
02/23/2016,0.00,0.00,0.00,0.00,1.29,98.71
02/16/2016,0.00,0.00,0.00,0.00,1.29,98.71
02/09/2016,0.00,0.00,0.00,0.00,1.29,98.71
02/02/2016,0.00,0.00,0.00,0.00,13.73,86.27
01/26/2016,0.00,0.00,0.00,0.00,12.60,87.40
01/19/2016,0.00,0.00,0.00,0.00,12.64,87.36
01/12/2016,0.00,0.00,0.00,0.00,12.64,87.36
01/05/2016,0.00,0.00,0.00,0.00,12.64,87.36
12/29/2015,0.00,0.00,0.00,0.00,12.64,87.36
12/22/2015,0.00,0.00,0.00,0.00,14.67,85.33
12/15/2015,0.00,0.00,0.00,0.00,14.67,85.33
12/08/2015,0.00,0.00,0.00,0.00,11.41,88.59
12/01/2015,0.00,0.00,0.00,0.00,12.10,87.90
11/24/2015,0.00,0.00,0.00,0.00,11.59,88.41
11/17/2015,0.00,0.00,0.00,1.73,11.09,88.91
11/10/2015,0.00,0.00,0.00,1.73,8.40,91.60
11/03/2015,0.00,0.00,0.00,6.35,22.29,77.71
10/27/2015,0.00,0.00,0.00,13.83,31.51,68.49
10/20/2015,0.00,0.00,0.00,13.83,33.89,66.11
10/13/2015,0.00,0.00,0.00,13.87,31.44,68.56
10/06/2015,0.00,0.00,0.00,12.93,28.76,71.24
09/29/2015,0.00,0.00,1.20,17.71,36.54,63.46
09/22/2015,0.00,0.00,1.33,20.95,42.61,57.39
09/15/2015,0.00,0.00,3.25,21.20,42.27,57.73
09/08/2015,0.00,0.00,3.25,27.12,48.60,51.40
09/01/2015,0.00,0.00,2.99,27.05,49.83,50.17
08/25/2015,0.00,0.00,2.99,29.60,53.51,46.49
08/18/2015,0.00,0.00,2.99,32.55,57.86,42.14
08/11/2015,0.00,0.00,0.00,31.32,61.04,38.96
08/04/2015,0.00,0.00,0.00,34.34,68.76,31.24
07/28/2015,0.00,0.00,1.35,22.88,58.16,41.84
07/21/2015,0.00,0.00,2.04,20.56,50.25,49.75
07/14/2015,0.00,0.00,2.46,15.82,45.13,54.87
07/07/2015,0.00,0.00,2.46,14.90,39.40,60.60
06/30/2015,0.00,0.00,2.46,13.56,47.07,52.93
06/23/2015,0.00,0.00,2.82,10.07,41.96,58.04
06/16/2015,0.00,0.00,0.00,7.32,24.41,75.59
06/09/2015,0.00,0.00,0.00,5.87,23.35,76.65
06/02/2015,0.00,0.00,0.00,8.71,24.94,75.06
05/26/2015,0.00,0.00,0.00,3.26,43.06,56.94
05/19/2015,0.00,0.00,0.00,0.00,34.57,65.43
05/12/2015,0.00,0.00,0.00,0.00,32.71,67.29
05/05/2015,0.00,0.00,0.00,0.00,25.83,74.17
04/28/2015,0.00,0.00,0.00,0.00,25.40,74.60
04/21/2015,0.00,0.00,0.00,0.00,25.32,74.68
04/14/2015,0.00,0.00,0.00,1.67,44.12,55.88
04/07/2015,0.00,0.00,0.00,2.27,48.83,51.17
03/31/2015,0.00,0.00,0.00,0.00,41.72,58.28
03/24/2015,0.00,0.00,0.00,0.00,11.75,88.25
03/17/2015,0.00,0.00,0.00,0.00,11.75,88.25
03/10/2015,0.00,0.00,0.00,0.00,8.53,91.47
03/03/2015,0.00,0.00,0.00,0.00,8.53,91.47
02/24/2015,0.00,0.00,0.00,0.00,13.97,86.03
02/17/2015,0.00,0.00,0.00,0.00,13.97,86.03
02/10/2015,0.00,0.00,0.00,0.00,13.97,86.03
02/03/2015,0.00,0.00,0.00,0.00,8.45,91.55
01/27/2015,0.00,0.00,0.00,0.00,8.45,91.55
01/20/2015,0.00,0.00,0.00,0.00,6.54,93.46
01/13/2015,0.00,0.00,0.00,0.00,3.41,96.59
01/06/2015,0.00,0.00,0.00,0.00,4.84,95.16
12/30/2014,0.00,0.00,0.00,0.00,5.77,94.23
12/23/2014,0.00,0.00,0.00,5.76,42.86,57.14
12/16/2014,0.00,0.00,0.00,4.82,42.24,57.76
12/09/2014,0.00,0.00,0.00,5.67,31.14,68.86
12/02/2014,0.00,0.00,0.00,4.40,24.19,75.81
11/25/2014,0.00,0.00,0.00,3.51,24.03,75.97
11/18/2014,0.00,0.00,0.70,14.03,58.49,41.51
11/11/2014,0.00,0.00,1.96,16.05,59.55,40.45
11/04/2014,0.00,0.00,1.96,16.05,55.45,44.55
10/28/2014,0.00,0.00,1.96,12.61,50.35,49.65
10/21/2014,0.00,0.00,1.96,12.61,47.75,52.25
10/14/2014,0.00,0.00,1.96,12.52,44.00,56.00
10/07/2014,0.00,0.00,4.76,14.11,52.92,47.08
09/30/2014,0.00,0.00,4.76,15.39,58.01,41.99
09/23/2014,0.00,0.00,6.61,15.43,50.96,49.04
09/16/2014,0.00,0.00,9.67,16.57,54.91,45.09
09/09/2014,0.00,0.00,10.55,16.57,58.03,41.97
09/02/2014,0.00,0.00,11.35,25.03,73.46,26.54
08/26/2014,0.00,0.00,8.07,20.14,58.19,41.81
08/19/2014,0.00,0.00,3.21,16.47,48.33,51.67
08/12/2014,0.00,0.00,0.00,10.40,36.79,63.21
08/05/2014,0.00,0.00,0.00,5.61,38.49,61.51
07/29/2014,0.00,0.00,0.00,1.00,38.71,61.29
07/22/2014,0.00,0.00,0.00,0.00,19.72,80.28
07/15/2014,0.00,0.00,0.00,0.00,31.91,68.09
07/08/2014,0.00,0.00,0.00,0.00,14.18,85.82
07/01/2014,0.00,0.00,0.00,0.00,2.66,97.34
06/24/2014,0.00,0.00,0.00,0.00,2.78,97.22
06/17/2014,0.00,0.00,0.00,0.00,1.25,98.75
06/10/2014,0.00,0.00,0.00,0.00,1.25,98.75
06/03/2014,0.00,0.00,0.00,0.00,1.28,98.72
05/27/2014,0.00,0.00,0.00,0.00,1.16,98.84
05/20/2014,0.00,0.00,0.00,0.00,0.94,99.06
05/13/2014,0.00,0.00,0.00,0.00,4.24,95.76
05/06/2014,0.00,0.00,0.00,0.00,4.24,95.76
04/29/2014,0.00,0.00,0.00,0.00,3.79,96.21
04/22/2014,0.00,0.00,0.00,0.00,3.79,96.21
04/15/2014,0.00,0.00,0.00,0.00,0.00,100.00
04/08/2014,0.00,0.00,0.00,0.00,0.00,100.00
04/01/2014,0.00,0.00,0.00,0.00,16.28,83.72
03/25/2014,0.00,0.00,0.00,0.00,6.52,93.48
03/18/2014,0.00,0.00,0.00,0.00,6.40,93.60
03/11/2014,0.00,0.00,0.00,0.00,10.38,89.62
03/04/2014,0.00,0.00,0.00,0.00,0.00,100.00
02/25/2014,0.00,0.00,0.00,0.00,0.00,100.00
02/18/2014,0.00,0.00,0.00,0.00,0.00,100.00
02/11/2014,0.00,0.00,0.00,0.00,0.00,100.00
02/04/2014,0.00,0.00,0.00,0.00,0.00,100.00
01/28/2014,0.00,0.00,0.00,0.00,0.00,100.00
01/21/2014,0.00,0.00,0.00,0.00,0.00,100.00
01/14/2014,0.00,0.00,0.00,0.00,0.00,100.00
01/07/2014,0.00,0.00,0.00,0.00,7.64,92.36
12/31/2013,0.00,0.00,0.00,0.00,7.64,92.36
12/24/2013,0.00,0.00,0.00,0.00,28.38,71.62
12/17/2013,0.00,0.00,0.00,0.00,49.87,50.13
12/10/2013,0.00,0.00,0.00,0.00,49.79,50.21
12/03/2013,0.00,0.00,0.00,0.00,52.33,47.67
11/26/2013,0.00,0.00,0.00,0.00,51.58,48.42
11/19/2013,0.00,0.00,0.00,0.00,52.98,47.02
11/12/2013,0.00,0.00,0.00,0.00,36.37,63.63
11/05/2013,0.00,0.00,0.00,0.00,29.02,70.98
10/29/2013,0.00,0.00,0.00,0.00,25.95,74.05
10/22/2013,0.00,0.00,0.00,0.00,20.60,79.40
10/15/2013,0.00,0.00,0.00,0.00,0.00,100.00
10/08/2013,0.00,0.00,0.00,0.00,0.00,100.00
10/01/2013,0.00,0.00,0.00,0.00,0.00,100.00
09/24/2013,0.00,0.00,0.00,0.00,0.00,100.00
09/17/2013,0.00,0.00,0.00,0.00,0.00,100.00
09/10/2013,0.00,0.00,0.00,0.00,0.00,100.00
09/03/2013,0.00,0.00,0.00,0.00,0.00,100.00
08/27/2013,0.00,0.00,0.00,0.00,0.00,100.00
08/20/2013,0.00,0.00,0.00,0.00,0.00,100.00
08/13/2013,0.00,0.00,0.00,0.00,0.00,100.00
08/06/2013,0.00,0.00,0.00,0.00,0.00,100.00
07/30/2013,0.00,0.00,0.00,0.00,0.00,100.00
07/23/2013,0.00,0.00,0.00,0.00,0.00,100.00
07/16/2013,0.00,0.00,0.00,0.00,0.00,100.00
07/09/2013,0.00,0.00,0.00,0.00,0.00,100.00
07/02/2013,0.00,0.00,0.00,0.00,0.00,100.00
06/25/2013,0.00,0.00,0.00,0.00,6.26,93.74
06/18/2013,0.00,0.00,0.00,0.00,3.42,96.58
06/11/2013,0.00,0.00,0.00,0.00,1.43,98.57
06/04/2013,0.00,0.00,0.00,0.00,5.10,94.90
05/28/2013,0.00,0.00,0.00,0.00,2.83,97.17
05/21/2013,0.00,0.00,0.00,0.00,0.75,99.25
05/14/2013,0.00,0.00,0.00,0.00,0.75,99.25
05/07/2013,0.00,0.00,0.00,0.00,0.75,99.25
04/30/2013,0.00,0.00,0.00,1.38,4.42,95.58
04/23/2013,0.00,0.00,0.00,1.91,7.76,92.24
04/16/2013,0.00,0.00,0.00,2.06,9.51,90.49
04/09/2013,0.00,0.00,0.00,3.78,19.24,80.76
04/02/2013,0.00,0.00,0.00,16.42,31.81,68.19
03/26/2013,0.00,0.00,0.00,16.42,31.81,68.19
03/19/2013,0.00,0.00,16.43,32.59,79.28,20.72
03/12/2013,0.00,0.00,17.64,36.41,80.46,19.54
03/05/2013,0.00,0.00,18.29,40.37,82.64,17.36
02/26/2013,0.00,0.00,25.60,54.17,83.09,16.91
02/19/2013,0.00,27.18,58.69,81.24,85.95,14.05
02/12/2013,0.00,32.07,70.01,81.85,86.29,13.71
02/05/2013,11.99,46.85,79.05,82.88,86.96,13.04
01/29/2013,11.99,43.58,82.44,86.57,91.70,8.30
01/22/2013,10.64,34.57,61.29,87.51,91.88,8.12
01/15/2013,10.64,35.38,62.53,91.24,93.81,6.19
01/08/2013,10.25,36.61,63.68,87.21,97.64,2.36
01/01/2013,10.25,36.96,64.87,89.49,98.37,1.63
12/25/2012,13.53,37.41,68.55,90.61,99.31,0.69
12/18/2012,13.53,38.48,69.78,88.18,96.76,3.24
12/11/2012,13.53,38.48,69.31,88.18,96.76,3.24
12/04/2012,13.53,37.90,68.41,88.10,96.75,3.25
11/27/2012,13.53,34.15,64.73,86.93,96.08,3.92
11/20/2012,13.53,31.81,53.10,71.79,93.07,6.93
11/13/2012,13.53,27.24,49.22,59.92,90.98,9.02
11/06/2012,13.98,26.70,42.56,55.17,88.91,11.09
10/30/2012,10.03,23.25,40.78,53.00,80.77,19.23
10/23/2012,10.03,23.25,40.12,47.11,60.40,39.60
10/16/2012,9.93,22.69,39.53,46.56,59.27,40.73
10/09/2012,9.03,21.78,37.07,45.58,55.31,44.69
10/02/2012,9.03,21.78,38.67,47.77,57.58,42.42
09/25/2012,17.18,34.04,42.66,52.44,62.70,37.30
09/18/2012,16.14,33.74,42.66,52.44,62.70,37.30
09/11/2012,16.88,33.74,42.66,52.44,62.70,37.30
09/04/2012,16.88,33.74,42.66,52.44,61.93,38.07
08/28/2012,16.88,34.36,44.03,52.85,62.24,37.76
08/21/2012,16.98,37.67,45.36,57.36,68.97,31.03
08/14/2012,16.98,37.67,45.36,57.36,69.10,30.90
08/07/2012,24.23,40.24,54.41,66.64,78.18,21.82
07/31/2012,24.57,40.95,56.47,71.38,81.43,18.57
07/24/2012,23.43,40.95,56.47,71.38,81.55,18.45
07/17/2012,21.19,37.90,55.40,71.46,82.91,17.09
07/10/2012,21.73,38.44,59.14,75.71,87.71,12.29
07/03/2012,19.98,37.24,59.14,74.86,86.18,13.82
06/26/2012,19.98,31.72,54.97,67.20,86.09,13.91
06/19/2012,13.82,26.75,56.76,70.19,84.33,15.67
06/12/2012,13.21,26.37,65.41,78.80,88.52,11.48
06/05/2012,26.43,49.97,68.45,82.65,89.51,10.49
05/29/2012,26.92,58.37,75.12,83.61,92.46,7.54
05/22/2012,28.31,67.95,79.30,86.05,92.46,7.54
05/15/2012,28.44,69.35,80.85,86.05,92.46,7.54
05/08/2012,25.81,70.89,83.05,88.24,96.49,3.51
05/01/2012,25.85,70.94,84.28,88.56,96.50,3.50
04/24/2012,20.15,66.35,79.01,84.28,92.89,7.11
04/17/2012,20.15,66.35,79.01,84.94,95.61,4.39
04/10/2012,11.32,63.07,77.66,84.22,95.48,4.52
04/03/2012,5.61,57.19,77.59,83.12,91.70,8.30
03/27/2012,5.57,57.16,77.59,83.12,91.70,8.30
03/20/2012,5.57,57.16,77.59,83.12,90.72,9.28
03/13/2012,5.57,57.16,77.48,83.12,87.51,12.49
03/06/2012,5.57,57.16,77.48,83.12,87.51,12.49
02/28/2012,30.35,69.01,77.55,83.12,87.51,12.49
02/21/2012,30.35,69.01,77.55,83.12,87.17,12.83
02/14/2012,34.06,69.01,77.55,83.12,86.12,13.88
02/07/2012,29.54,68.97,77.55,83.07,85.59,14.41
01/31/2012,16.52,67.38,77.34,83.07,85.59,14.41
01/24/2012,4.34,67.38,77.34,83.07,85.59,14.41
01/17/2012,4.48,74.99,82.55,85.28,87.79,12.21
01/10/2012,0.00,63.92,81.00,85.36,87.93,12.07
01/03/2012,0.00,63.92,81.00,85.36,87.93,12.07
12/27/2011,0.00,63.92,81.00,85.36,87.93,12.07
12/20/2011,0.00,65.61,81.69,85.36,88.09,11.91
12/13/2011,0.00,56.46,77.98,85.10,88.09,11.91
12/06/2011,0.00,58.76,80.32,86.78,91.21,8.79
11/29/2011,0.00,57.90,80.30,86.78,91.21,8.79
11/22/2011,0.00,64.26,83.66,91.50,95.23,4.77
11/15/2011,0.00,64.61,85.16,91.50,95.23,4.77
11/08/2011,0.00,61.22,82.88,89.95,94.75,5.25
11/01/2011,0.00,60.89,82.88,89.95,94.75,5.25
10/25/2011,0.00,60.89,82.88,89.95,94.78,5.22
10/18/2011,0.00,64.50,83.33,90.70,95.46,4.54
10/11/2011,0.00,73.27,86.32,90.93,95.83,4.17
10/04/2011,0.00,77.63,87.59,90.93,94.41,5.59
09/27/2011,0.00,78.76,85.56,90.72,94.38,5.62
09/20/2011,0.00,79.48,86.43,91.22,94.65,5.35
09/13/2011,0.00,80.42,86.43,91.22,94.65,5.35
09/06/2011,0.00,80.42,86.43,91.23,94.65,5.35
08/30/2011,0.00,79.64,90.82,99.99,100.00,0.00
08/23/2011,0.00,52.11,81.31,92.73,100.00,0.00
08/16/2011,0.00,51.32,79.91,88.01,99.93,0.07
08/09/2011,4.34,66.29,80.01,88.01,99.93,0.07
08/02/2011,4.42,68.38,80.01,88.01,99.93,0.07
07/26/2011,8.74,68.38,78.16,87.18,95.47,4.53
07/19/2011,8.74,68.38,75.00,82.96,94.83,5.17
07/12/2011,35.52,68.79,75.00,85.37,96.73,3.27
07/05/2011,40.45,68.91,74.91,85.51,97.42,2.58
06/28/2011,41.18,68.91,74.91,85.51,97.42,2.58
06/21/2011,41.18,68.91,74.91,87.48,100.00,0.00
06/14/2011,15.98,57.33,71.88,81.28,100.00,0.00
06/07/2011,5.77,54.91,71.81,81.28,99.38,0.62
05/31/2011,0.00,54.85,71.79,81.25,91.05,8.95
05/24/2011,0.00,13.28,65.86,76.99,91.05,8.95
05/17/2011,0.00,10.22,64.91,77.09,87.94,12.06
05/10/2011,0.00,8.39,40.45,70.01,83.56,16.44
05/03/2011,0.00,0.00,18.79,69.87,76.76,23.24
04/26/2011,0.00,0.00,18.79,72.35,76.76,23.24
04/19/2011,0.00,0.00,18.79,72.35,76.76,23.24
04/12/2011,0.00,6.94,18.79,73.04,77.53,22.47
04/05/2011,0.00,6.94,18.75,72.91,76.99,23.01
03/29/2011,0.00,9.55,24.62,71.91,79.15,20.85
03/22/2011,0.00,6.18,21.91,78.94,91.34,8.66
03/15/2011,0.00,6.18,21.91,70.51,91.34,8.66
03/08/2011,0.00,6.18,22.09,77.30,97.07,2.93
03/01/2011,0.00,6.18,22.09,77.30,100.00,0.00
02/22/2011,0.00,6.18,21.87,76.22,100.00,0.00
02/15/2011,0.00,6.18,21.87,76.22,100.00,0.00
02/08/2011,0.00,6.18,21.87,74.89,96.95,3.05
02/01/2011,0.00,6.18,40.63,85.28,100.00,0.00
01/25/2011,0.00,6.49,40.63,85.28,100.00,0.00
01/18/2011,0.00,6.49,40.63,85.28,100.00,0.00
01/11/2011,0.00,6.49,40.63,85.33,97.60,2.40
01/04/2011,0.00,6.49,40.34,85.33,97.60,2.40
12/28/2010,0.00,6.49,40.34,85.37,97.58,2.42
12/21/2010,0.00,7.65,41.42,85.37,97.58,2.42
12/14/2010,0.00,8.08,41.42,85.37,98.10,1.90
12/07/2010,0.00,6.31,39.21,88.32,98.10,1.90
11/30/2010,0.00,0.00,39.22,90.11,100.00,0.00
11/23/2010,0.00,0.00,38.01,86.28,100.00,0.00
11/16/2010,0.00,0.00,19.23,45.00,94.85,5.15
11/09/2010,0.00,0.00,19.85,45.62,94.85,5.15
11/02/2010,0.00,0.00,19.85,41.35,94.85,5.15
10/26/2010,0.00,0.00,12.22,46.92,90.36,9.64
10/19/2010,0.00,0.00,9.20,45.53,90.34,9.66
10/12/2010,0.00,0.00,4.04,37.25,89.01,10.99
10/05/2010,0.00,0.00,4.04,36.83,89.01,10.99
09/28/2010,0.00,0.00,5.11,39.24,95.20,4.80
09/21/2010,0.00,0.00,0.00,40.59,100.00,0.00
09/14/2010,0.00,0.00,0.00,39.51,91.99,8.01
09/07/2010,0.00,0.00,0.00,10.01,46.48,53.52
08/31/2010,0.00,0.00,0.00,10.01,40.72,59.28
08/24/2010,0.00,0.00,0.00,10.01,40.72,59.28
08/17/2010,0.00,0.00,0.00,10.10,67.91,32.09
08/10/2010,0.00,0.00,0.00,10.10,53.90,46.10
08/03/2010,0.00,0.00,0.00,0.46,38.45,61.55
07/27/2010,0.00,0.00,0.00,0.15,41.78,58.22
07/20/2010,0.00,0.00,0.00,0.00,52.94,47.06
07/13/2010,0.00,0.00,0.00,0.00,6.45,93.55
07/06/2010,0.00,0.00,0.00,0.00,2.69,97.31
06/29/2010,0.00,0.00,0.00,0.00,0.07,99.93
06/22/2010,0.00,0.00,0.00,0.00,0.16,99.84
06/15/2010,0.00,0.00,0.00,0.00,0.16,99.84
06/08/2010,0.00,0.00,0.00,0.00,0.16,99.84
06/01/2010,0.00,0.00,0.00,0.00,0.16,99.84
05/25/2010,0.00,0.00,0.00,0.00,0.16,99.84
05/18/2010,0.00,0.00,0.00,0.00,0.00,100.00
05/11/2010,0.00,0.00,0.00,0.00,0.00,100.00
05/04/2010,0.00,0.00,0.00,0.00,0.00,100.00
04/27/2010,0.00,0.00,0.00,0.00,1.51,98.49
04/20/2010,0.00,0.00,0.00,0.00,2.79,97.21
04/13/2010,0.00,0.00,0.00,0.00,1.30,98.70
04/06/2010,0.00,0.00,0.00,0.00,1.71,98.29
03/30/2010,0.00,0.00,0.00,0.00,0.00,100.00
03/23/2010,0.00,0.00,0.00,0.00,0.00,100.00
03/16/2010,0.00,0.00,0.00,0.00,0.00,100.00
03/09/2010,0.00,0.00,0.00,0.00,0.01,99.99
03/02/2010,0.00,0.00,0.00,0.00,0.00,100.00
02/23/2010,0.00,0.00,0.00,0.00,0.00,100.00
02/16/2010,0.00,0.00,0.00,0.00,0.00,100.00
02/09/2010,0.00,0.00,0.00,0.00,0.00,100.00
02/02/2010,0.00,0.00,0.00,0.00,0.00,100.00
01/26/2010,0.00,0.00,0.00,0.00,0.00,100.00
01/19/2010,0.00,0.00,0.00,0.00,0.00,100.00
01/12/2010,0.00,0.00,0.00,0.00,0.00,100.00
01/05/2010,0.00,0.00,0.00,0.00,0.00,100.00
12/29/2009,0.00,0.00,0.00,0.00,0.00,100.00
12/22/2009,0.00,0.00,0.00,0.00,0.00,100.00
12/15/2009,0.00,0.00,0.00,0.00,0.00,100.00
12/08/2009,0.00,0.00,0.00,0.00,0.00,100.00
12/01/2009,0.00,0.00,0.00,0.00,2.67,97.33
11/24/2009,0.00,0.00,0.00,0.00,2.50,97.50
11/17/2009,0.00,0.00,0.00,0.00,2.50,97.50
11/10/2009,0.00,0.00,0.00,0.00,2.50,97.50
11/03/2009,0.00,0.00,0.00,0.00,2.50,97.50
10/27/2009,0.00,0.00,0.00,0.00,2.50,97.50
10/20/2009,0.00,0.00,0.00,0.00,2.50,97.50
10/13/2009,0.00,0.00,0.00,0.00,10.19,89.81
10/06/2009,0.00,0.00,0.00,0.00,2.98,97.02
09/29/2009,0.00,0.00,0.00,0.00,3.93,96.07
09/22/2009,0.00,0.00,0.00,0.00,1.36,98.64
09/15/2009,0.00,0.00,0.00,0.06,10.08,89.92
09/08/2009,0.00,0.00,0.00,0.00,16.62,83.38
09/01/2009,0.00,0.00,0.00,0.00,16.32,83.68
08/25/2009,0.00,0.00,0.00,0.00,35.17,64.83
08/18/2009,0.00,0.00,0.00,0.00,44.01,55.99
08/11/2009,0.00,0.00,0.00,0.00,43.98,56.02
08/04/2009,0.00,0.00,0.00,0.00,43.98,56.02
07/28/2009,0.00,0.00,0.00,0.00,38.08,61.92
07/21/2009,0.00,0.00,0.00,0.00,38.08,61.92
07/14/2009,0.00,0.00,0.00,0.00,34.61,65.39
07/07/2009,0.00,0.00,0.00,0.00,40.42,59.58
06/30/2009,0.00,0.00,0.00,0.00,1.71,98.29
06/23/2009,0.00,0.00,0.00,0.00,0.00,100.00
06/16/2009,0.00,0.00,0.00,0.00,0.00,100.00
06/09/2009,0.00,0.00,0.00,0.00,0.00,100.00
06/02/2009,0.00,0.00,0.00,0.00,2.47,97.53
05/26/2009,0.00,0.00,0.00,0.00,2.73,97.27
05/19/2009,0.00,0.00,0.00,0.00,3.34,96.66
05/12/2009,0.00,0.00,0.00,0.00,4.93,95.07
05/05/2009,0.00,0.00,0.00,4.87,7.27,92.73
04/28/2009,0.00,0.00,0.00,4.87,7.36,92.64
04/21/2009,0.00,0.00,0.00,4.87,7.36,92.64
04/14/2009,0.00,0.00,0.00,4.87,7.36,92.64
04/07/2009,0.00,0.00,0.00,5.01,8.01,91.99
03/31/2009,0.00,0.00,0.00,40.07,79.24,20.76
03/24/2009,0.00,0.00,8.51,72.00,97.29,2.71
03/17/2009,0.00,3.14,8.94,72.00,97.29,2.71
03/10/2009,0.00,3.14,8.94,71.74,97.29,2.71
03/03/2009,0.00,3.14,8.94,71.74,97.29,2.71
02/24/2009,0.00,3.43,10.08,76.51,99.78,0.22
02/17/2009,0.00,3.43,10.08,30.21,99.78,0.22
02/10/2009,0.00,3.20,8.82,13.45,99.30,0.70
02/03/2009,0.00,3.20,8.82,13.19,27.67,72.33
01/27/2009,0.00,3.52,8.82,13.19,24.82,75.18
01/20/2009,0.00,3.52,8.82,13.19,24.90,75.10
01/13/2009,0.00,3.52,8.78,13.19,24.90,75.10
01/06/2009,0.00,7.49,12.16,21.08,30.71,69.29
12/30/2008,0.00,8.81,12.16,21.08,30.71,69.29
12/23/2008,0.00,8.98,12.43,21.11,30.71,69.29
12/16/2008,0.00,10.60,14.08,21.11,30.71,69.29
12/09/2008,11.38,16.62,28.60,33.18,47.66,52.34
12/02/2008,12.06,18.39,31.39,46.79,60.90,39.10
11/25/2008,12.06,18.39,47.24,59.73,74.11,25.89
11/18/2008,12.06,18.39,47.24,59.73,74.11,25.89
11/11/2008,12.06,19.42,47.45,60.54,74.44,25.56
11/04/2008,1.06,19.42,47.45,60.42,74.44,25.56
10/28/2008,0.03,19.42,47.45,60.42,74.44,25.56
10/21/2008,0.03,22.69,60.36,74.64,93.38,6.62
10/14/2008,0.03,22.69,60.32,74.78,93.58,6.42
10/07/2008,0.03,22.67,60.66,74.94,95.03,4.97
09/30/2008,0.03,22.67,60.66,74.94,95.03,4.97
09/23/2008,0.03,10.51,40.55,57.13,84.40,15.60
09/16/2008,0.01,10.51,40.55,57.13,84.07,15.93
09/09/2008,0.01,10.51,40.62,57.13,84.07,15.93
09/02/2008,0.01,10.51,40.62,57.19,84.07,15.93
08/26/2008,0.01,10.69,40.85,57.19,84.07,15.93
08/19/2008,9.48,21.82,79.01,91.66,97.71,2.29
08/12/2008,6.25,17.12,79.01,91.74,97.99,2.01
08/05/2008,6.25,15.50,69.71,87.17,98.05,1.95
07/29/2008,6.25,15.50,69.71,87.17,98.05,1.95
07/22/2008,6.25,15.50,69.69,87.17,98.05,1.95
07/15/2008,0.00,14.98,56.42,77.23,99.54,0.46
07/08/2008,0.00,14.98,60.80,77.51,93.30,6.70
07/01/2008,0.00,14.93,60.80,77.51,94.38,5.62
06/24/2008,0.00,12.76,51.63,81.44,94.38,5.62
06/17/2008,0.00,10.00,27.41,78.24,91.59,8.41
06/10/2008,0.00,8.89,27.22,61.50,93.36,6.64
06/03/2008,0.00,2.25,24.33,60.42,93.36,6.64
05/27/2008,0.00,2.25,27.48,43.68,82.56,17.44
05/20/2008,0.00,3.18,29.92,43.16,82.18,17.82
05/13/2008,0.00,16.13,29.92,43.16,64.95,35.05
05/06/2008,0.00,15.80,29.92,43.16,66.30,33.70
04/29/2008,0.00,15.43,29.92,43.16,66.30,33.70
04/22/2008,0.00,15.43,29.92,43.16,66.30,33.70
04/15/2008,0.00,15.43,29.92,42.88,54.23,45.77
04/08/2008,0.00,20.56,29.92,42.88,54.23,45.77
04/01/2008,0.00,21.21,30.15,42.99,54.23,45.77
03/25/2008,0.00,21.42,30.15,42.99,54.23,45.77
03/18/2008,0.00,21.73,30.15,42.99,54.23,45.77
03/11/2008,4.27,21.81,30.15,42.99,54.23,45.77
03/04/2008,5.94,25.51,37.36,49.82,70.90,29.10
02/26/2008,6.11,25.51,37.36,49.82,70.90,29.10
02/19/2008,14.16,34.35,42.49,66.89,96.98,3.02
02/12/2008,14.95,35.07,42.49,68.52,96.98,3.02
02/05/2008,14.95,35.07,42.49,68.52,96.98,3.02
01/29/2008,15.61,37.96,52.58,70.23,96.98,3.02
01/22/2008,15.61,37.96,52.58,70.23,96.98,3.02
01/15/2008,15.65,49.44,65.23,75.04,100.00,0.00
01/08/2008,15.73,49.44,65.23,75.04,97.99,2.01
01/01/2008,15.73,49.44,65.23,75.04,97.99,2.01
12/25/2007,49.86,64.36,73.08,83.36,97.99,2.01
12/18/2007,49.86,64.39,74.34,87.94,99.61,0.39
12/11/2007,49.86,64.39,74.34,87.82,99.61,0.39
12/04/2007,43.40,58.83,68.11,81.56,94.13,5.87
11/27/2007,36.96,53.28,63.41,76.89,92.13,7.87
11/20/2007,36.91,53.28,63.55,77.14,92.13,7.87
11/13/2007,36.89,53.28,63.55,77.14,92.13,7.87
11/06/2007,32.08,41.68,56.45,67.04,81.93,18.07
10/30/2007,32.08,41.68,56.45,67.04,81.93,18.07
10/23/2007,32.19,43.02,56.45,67.04,81.27,18.73
10/16/2007,33.57,45.64,59.52,69.25,78.37,21.63
10/09/2007,27.04,40.49,53.15,64.42,71.51,28.49
10/02/2007,27.00,39.36,52.59,64.21,75.81,24.19
09/25/2007,27.00,39.36,52.59,64.21,75.81,24.19
09/18/2007,28.47,40.98,54.17,66.51,79.81,20.19
09/11/2007,30.46,46.42,60.64,72.16,85.48,14.52
09/04/2007,19.01,40.72,59.96,72.16,85.48,14.52
08/28/2007,35.62,60.23,76.25,86.48,100.00,0.00
08/21/2007,39.11,60.93,76.38,84.34,100.00,0.00
08/14/2007,26.87,52.27,67.76,85.68,100.00,0.00
08/07/2007,22.87,47.92,67.35,86.01,100.00,0.00
07/31/2007,0.79,48.39,76.20,95.17,100.00,0.00
07/24/2007,0.79,45.73,76.20,95.17,100.00,0.00
07/17/2007,0.79,45.73,76.20,95.17,100.00,0.00
07/10/2007,0.62,45.73,76.06,95.17,100.00,0.00
07/03/2007,0.09,46.65,75.97,95.06,100.00,0.00
06/26/2007,1.07,50.04,76.73,96.14,100.00,0.00
06/19/2007,1.48,48.73,81.64,96.14,100.00,0.00
06/12/2007,1.47,46.99,81.64,96.14,100.00,0.00
06/05/2007,0.00,45.52,80.46,96.14,100.00,0.00
05/29/2007,0.00,48.72,94.02,100.00,100.00,0.00
05/22/2007,0.00,42.77,93.20,100.00,100.00,0.00
05/15/2007,0.00,25.12,52.76,99.35,100.00,0.00
05/08/2007,0.00,22.65,52.76,99.35,100.00,0.00
05/01/2007,0.00,22.65,52.63,99.35,100.00,0.00
04/24/2007,0.00,12.74,38.88,98.65,100.00,0.00
04/17/2007,0.00,0.00,17.60,39.08,99.93,0.07
04/10/2007,0.00,0.00,0.61,45.99,100.00,0.00
04/03/2007,0.00,0.00,2.94,42.64,100.00,0.00
03/27/2007,0.00,0.00,1.89,9.11,100.00,0.00
03/20/2007,0.00,0.00,0.00,4.47,95.30,4.70
03/13/2007,0.00,0.00,0.00,4.13,51.24,48.76
03/06/2007,0.00,0.00,0.00,1.54,33.55,66.45
02/27/2007,0.00,0.00,0.00,3.01,64.38,35.62
02/20/2007,0.00,0.00,0.00,3.01,61.98,38.02
02/13/2007,0.00,0.00,0.00,2.20,33.82,66.18
02/06/2007,0.00,0.00,0.00,0.26,31.21,68.79
01/30/2007,0.00,0.00,0.03,3.39,39.89,60.11
01/23/2007,0.00,0.00,0.03,3.39,39.89,60.11
01/16/2007,0.00,0.00,0.03,0.41,49.30,50.70
01/09/2007,0.00,0.00,0.00,0.41,84.73,15.27
01/02/2007,0.00,0.00,0.10,3.66,87.84,12.16
12/26/2006,0.00,0.00,0.08,7.66,87.84,12.16
12/19/2006,0.00,0.00,0.08,7.66,87.84,12.16
12/12/2006,0.00,0.00,0.08,7.66,64.51,35.49
12/05/2006,0.00,0.00,0.08,4.06,26.14,73.86
11/28/2006,0.00,0.00,0.08,4.06,17.82,82.18
11/21/2006,0.00,0.00,0.00,14.22,56.19,43.81
11/14/2006,0.00,0.00,0.00,55.56,91.81,8.19
11/07/2006,0.00,0.00,0.00,50.34,91.81,8.19
10/31/2006,0.00,0.00,0.00,50.34,92.82,7.18
10/24/2006,0.00,0.00,0.00,76.66,96.96,3.04
10/17/2006,0.00,0.00,0.00,87.22,100.00,0.00
10/10/2006,0.00,0.00,0.00,87.87,100.00,0.00
10/03/2006,0.00,0.00,0.00,75.49,100.00,0.00
09/26/2006,0.00,0.00,0.00,46.73,99.95,0.05
09/19/2006,0.00,0.00,0.00,53.11,99.92,0.08
09/12/2006,0.00,0.00,34.83,65.08,100.00,0.00
09/05/2006,0.00,0.00,39.78,75.61,100.00,0.00
08/29/2006,0.00,0.00,39.78,75.61,99.46,0.54
08/22/2006,0.00,0.00,45.11,93.02,99.76,0.24
08/15/2006,0.00,0.00,22.98,67.04,99.11,0.89
08/08/2006,0.00,0.61,25.08,80.34,100.00,0.00
08/01/2006,0.00,0.00,30.87,76.30,100.00,0.00
07/25/2006,0.00,0.00,24.85,72.75,100.00,0.00
07/18/2006,0.00,0.00,7.14,66.64,100.00,0.00
07/11/2006,0.00,0.00,6.43,55.96,90.93,9.07
07/04/2006,0.00,0.00,0.00,55.38,80.13,19.87
06/27/2006,0.00,0.00,0.00,55.32,80.40,19.60
06/20/2006,0.00,0.00,0.43,56.28,82.58,17.42
06/13/2006,0.00,0.00,0.00,50.06,81.13,18.87
06/06/2006,0.00,0.00,0.00,17.61,70.76,29.24
05/30/2006,0.00,0.00,0.00,1.87,57.85,42.15
05/23/2006,0.00,0.00,0.00,1.87,44.13,55.87
05/16/2006,0.00,0.00,0.00,3.82,44.76,55.24
05/09/2006,0.00,0.00,0.00,0.01,80.96,19.04
05/02/2006,0.00,0.00,0.00,0.22,78.88,21.12
04/25/2006,0.00,0.00,0.00,0.04,81.64,18.36
04/18/2006,0.00,0.00,0.00,1.11,82.97,17.03
04/11/2006,0.00,0.00,0.00,0.36,76.53,23.47
04/04/2006,0.00,0.00,0.00,0.00,78.95,21.05
03/28/2006,0.00,0.00,0.00,0.00,0.14,99.86
03/21/2006,0.00,0.00,0.00,0.00,0.05,99.95
03/14/2006,0.00,0.00,0.00,0.00,6.01,93.99
03/07/2006,0.00,0.00,0.00,0.00,1.31,98.69
02/28/2006,0.00,0.00,0.00,0.00,0.00,100.00
02/21/2006,0.00,0.00,0.00,0.00,0.00,100.00
02/14/2006,0.00,0.00,0.00,0.00,0.00,100.00
02/07/2006,0.00,0.00,0.00,0.00,0.00,100.00
01/31/2006,0.00,0.00,0.00,0.00,0.00,100.00
01/24/2006,0.00,0.00,0.00,0.00,0.00,100.00
01/17/2006,0.00,0.00,0.00,0.00,0.03,99.97
01/10/2006,0.00,0.00,0.00,0.00,0.00,100.00
01/03/2006,0.00,0.00,0.00,0.00,0.00,100.00
12/27/2005,0.00,0.00,0.00,0.00,0.00,100.00
12/20/2005,0.00,0.00,0.00,0.00,0.00,100.00
12/13/2005,0.00,0.00,0.00,0.00,0.00,100.00
12/06/2005,0.00,0.00,0.00,0.00,0.00,100.00
11/29/2005,0.00,0.00,0.00,0.00,3.43,96.57
11/22/2005,0.00,0.00,0.00,0.00,63.70,36.30
11/15/2005,0.00,0.00,0.00,0.00,70.52,29.48
11/08/2005,0.00,0.00,0.00,0.86,11.17,88.83
11/01/2005,0.00,0.00,0.00,0.00,11.70,88.30
10/25/2005,0.00,0.00,0.00,0.00,6.36,93.64
10/18/2005,0.00,0.00,0.00,0.00,0.46,99.54
10/11/2005,0.00,0.00,0.00,0.00,0.00,100.00
10/04/2005,0.00,0.00,0.00,0.00,1.20,98.80
09/27/2005,0.00,0.00,0.00,0.00,11.12,88.88
09/20/2005,0.00,0.00,0.00,0.00,4.01,95.99
09/13/2005,0.00,0.00,0.00,0.00,0.00,100.00
09/06/2005,0.00,0.00,0.00,0.00,0.00,100.00
08/30/2005,0.00,0.00,0.00,0.00,0.00,100.00
08/23/2005,0.00,0.00,0.00,0.00,0.00,100.00
08/16/2005,0.00,0.00,0.00,0.00,0.00,100.00
08/09/2005,0.00,0.00,0.00,0.00,0.00,100.00
08/02/2005,0.00,0.00,0.00,0.00,0.00,100.00
07/26/2005,0.00,0.00,0.00,0.00,0.00,100.00
07/19/2005,0.00,0.00,0.00,0.00,0.00,100.00
07/12/2005,0.00,0.00,0.00,0.00,0.00,100.00
07/05/2005,0.00,0.00,0.00,0.00,0.00,100.00
06/28/2005,0.00,0.00,0.00,0.00,0.00,100.00
06/21/2005,0.00,0.00,0.00,0.00,0.00,100.00
06/14/2005,0.00,0.00,0.00,0.00,0.00,100.00
06/07/2005,0.00,0.00,0.00,0.00,0.00,100.00
05/31/2005,0.00,0.00,0.00,0.00,0.00,100.00
05/24/2005,0.00,0.00,0.00,0.00,0.00,100.00
05/17/2005,0.00,0.00,0.00,0.00,0.00,100.00
05/10/2005,0.00,0.00,0.00,0.00,0.00,100.00
05/03/2005,0.00,0.00,0.00,0.00,0.00,100.00
04/26/2005,0.00,0.00,0.00,0.00,0.00,100.00
04/19/2005,0.00,0.00,0.00,0.00,0.00,100.00
04/12/2005,0.00,0.00,0.00,0.00,0.00,100.00
04/05/2005,0.00,0.00,0.00,0.00,0.00,100.00
03/29/2005,0.00,0.00,0.00,0.00,0.00,100.00
03/22/2005,0.00,0.00,0.00,0.00,1.09,98.91
03/15/2005,0.00,0.00,0.00,0.00,3.58,96.42
03/08/2005,0.00,0.00,0.00,0.00,2.49,97.51
03/01/2005,0.00,0.00,0.00,0.00,0.00,100.00
02/22/2005,0.00,0.00,0.00,0.00,0.00,100.00
02/15/2005,0.00,0.00,0.00,0.00,0.00,100.00
02/08/2005,0.00,0.00,0.00,0.00,0.00,100.00
02/01/2005,0.00,0.00,0.00,0.00,0.00,100.00
01/25/2005,0.00,0.00,0.00,0.00,0.00,100.00
01/18/2005,0.00,0.00,0.00,0.00,0.00,100.00
01/11/2005,0.00,0.00,0.00,0.00,0.00,100.00
01/04/2005,0.00,0.00,0.00,0.00,0.00,100.00
12/28/2004,0.00,0.00,0.00,0.00,0.00,100.00
12/21/2004,0.00,0.00,0.00,0.00,0.00,100.00
12/14/2004,0.00,0.00,0.00,0.00,0.00,100.00
12/07/2004,0.00,0.00,0.00,0.00,0.00,100.00
11/30/2004,0.00,0.00,0.00,0.00,0.00,100.00
11/23/2004,0.00,0.00,0.00,0.00,0.28,99.72
11/16/2004,0.00,0.00,0.00,0.00,0.00,100.00
11/09/2004,0.00,0.00,0.00,0.00,0.00,100.00
11/02/2004,0.00,0.00,0.00,0.00,0.00,100.00
10/26/2004,0.00,0.00,0.00,0.00,0.00,100.00
10/19/2004,0.00,0.00,0.00,0.00,0.00,100.00
10/12/2004,0.00,0.00,0.00,0.00,0.00,100.00
10/05/2004,0.00,0.00,0.00,0.00,0.00,100.00
09/28/2004,0.00,0.00,0.00,0.00,0.00,100.00
09/21/2004,0.00,0.00,0.00,0.00,0.00,100.00
09/14/2004,0.00,0.00,0.00,0.00,0.00,100.00
09/07/2004,0.00,0.00,0.00,0.00,0.00,100.00
08/31/2004,0.00,0.00,0.00,0.00,10.70,89.30
08/24/2004,0.00,0.00,0.00,0.00,10.68,89.32
08/17/2004,0.00,0.00,0.00,0.00,7.88,92.12
08/10/2004,0.00,0.00,0.00,0.00,61.03,38.97
08/03/2004,0.00,0.00,0.00,0.00,44.05,55.95
07/27/2004,0.00,0.00,0.00,0.00,32.28,67.72
07/20/2004,0.00,0.00,0.00,0.00,29.95,70.05
07/13/2004,0.00,0.00,0.00,0.00,29.95,70.05
07/06/2004,0.00,0.00,0.00,0.00,34.45,65.55
06/29/2004,0.00,0.00,0.00,13.97,54.36,45.64
06/22/2004,0.00,0.00,13.77,54.27,88.45,11.55
06/15/2004,0.00,0.00,33.83,58.25,93.84,6.16
06/08/2004,0.00,0.00,42.91,74.84,98.37,1.63
06/01/2004,0.00,0.00,34.07,82.39,100.00,0.00
05/25/2004,0.00,0.00,34.07,82.54,100.00,0.00
05/18/2004,0.00,0.00,0.00,45.97,99.55,0.45
05/11/2004,0.00,0.00,0.00,45.97,92.74,7.26
05/04/2004,0.00,0.00,0.00,40.66,85.99,14.01
04/27/2004,0.00,0.00,0.00,45.73,92.02,7.98
04/20/2004,0.00,0.00,0.00,34.58,90.82,9.18
04/13/2004,0.00,0.00,0.00,0.00,90.82,9.18
04/06/2004,0.00,0.00,0.00,0.00,94.10,5.90
03/30/2004,0.00,0.00,0.00,0.00,91.06,8.94
03/23/2004,0.00,0.00,0.00,0.00,90.27,9.73
03/16/2004,0.00,0.00,0.00,0.00,0.00,100.00
03/09/2004,0.00,0.00,0.00,0.00,0.00,100.00
03/02/2004,0.00,0.00,0.00,0.00,0.00,100.00
02/24/2004,0.00,0.00,0.00,0.00,0.00,100.00
02/17/2004,0.00,0.00,0.00,0.00,0.00,100.00
02/10/2004,0.00,0.00,0.00,0.00,0.00,100.00
02/03/2004,0.00,0.00,0.00,0.00,0.00,100.00
01/27/2004,0.00,0.00,0.00,0.00,0.00,100.00
01/20/2004,0.00,0.00,0.00,0.00,0.00,100.00
01/13/2004,0.00,0.00,0.00,0.00,0.00,100.00
01/06/2004,0.00,0.00,0.00,0.00,0.00,100.00
12/30/2003,0.00,0.00,0.00,0.00,0.00,100.00
12/23/2003,0.00,0.00,0.00,0.00,0.00,100.00
12/16/2003,0.00,0.00,0.00,0.00,0.00,100.00
12/09/2003,0.00,0.00,0.00,0.00,0.00,100.00
12/02/2003,0.00,0.00,0.00,0.00,0.00,100.00
11/25/2003,0.00,0.00,0.00,0.00,0.00,100.00
11/18/2003,0.00,0.00,0.00,0.00,0.00,100.00
11/11/2003,0.00,0.00,0.00,0.00,0.00,100.00
11/04/2003,0.00,0.00,0.00,0.00,0.00,100.00
10/28/2003,0.00,0.00,0.00,0.00,0.00,100.00
10/21/2003,0.00,0.00,0.00,0.00,0.00,100.00
10/14/2003,0.00,0.00,0.00,0.00,0.00,100.00
10/07/2003,0.00,0.00,0.00,0.00,0.00,100.00
09/30/2003,0.00,0.00,0.00,0.00,0.00,100.00
09/23/2003,0.00,0.00,0.00,0.00,0.00,100.00
09/16/2003,0.00,0.00,0.00,0.00,0.00,100.00
09/09/2003,0.00,0.00,0.00,0.00,0.00,100.00
09/02/2003,0.00,0.00,0.00,0.00,0.00,100.00
08/26/2003,0.00,0.00,0.00,0.00,0.00,100.00
08/19/2003,0.00,0.00,0.00,0.00,0.00,100.00
08/12/2003,0.00,0.00,0.00,0.00,0.00,100.00
08/05/2003,0.00,0.00,0.00,0.00,0.00,100.00
07/29/2003,0.00,0.00,0.00,0.00,0.00,100.00
07/22/2003,0.00,0.00,0.00,0.00,0.00,100.00
07/15/2003,0.00,0.00,0.00,0.00,0.00,100.00
07/08/2003,0.00,0.00,0.00,0.00,0.00,100.00
07/01/2003,0.00,0.00,0.00,0.00,0.00,100.00
06/24/2003,0.00,0.00,0.00,0.00,0.00,100.00
06/17/2003,0.00,0.00,0.00,0.00,0.00,100.00
06/10/2003,0.00,0.00,0.00,0.00,0.00,100.00
06/03/2003,0.00,0.00,0.00,0.00,0.00,100.00
05/27/2003,0.00,0.00,0.00,0.00,0.00,100.00
05/20/2003,0.00,0.00,0.00,0.00,1.46,98.54
05/13/2003,0.00,0.00,0.00,0.00,1.25,98.75
05/06/2003,0.00,0.00,0.00,0.00,0.00,100.00
04/29/2003,0.00,0.00,0.00,0.00,0.00,100.00
04/22/2003,0.00,0.00,0.00,0.00,0.00,100.00
04/15/2003,0.00,0.00,0.00,0.00,0.00,100.00
04/08/2003,0.00,0.00,0.00,0.00,0.00,100.00
04/01/2003,0.00,0.00,0.00,0.00,0.00,100.00
03/25/2003,0.00,0.00,0.00,0.00,0.00,100.00
03/18/2003,0.00,0.00,0.00,0.00,20.76,79.24
03/11/2003,0.00,0.00,0.00,0.00,21.06,78.94
03/04/2003,0.00,0.00,0.00,0.00,57.75,42.25
02/25/2003,0.00,0.00,0.00,0.00,59.74,40.26
02/18/2003,0.00,0.00,0.00,0.62,59.93,40.07
02/11/2003,0.00,0.00,0.00,0.36,57.49,42.51
02/04/2003,0.00,0.00,0.00,0.14,60.44,39.56
01/28/2003,0.00,0.00,0.00,0.02,40.17,59.83
01/21/2003,0.00,0.00,0.00,0.00,38.51,61.49
01/14/2003,0.00,0.00,0.00,0.00,39.12,60.88
01/07/2003,0.00,0.00,0.00,0.00,40.19,59.81
12/31/2002,0.00,0.00,0.00,0.00,36.78,63.22
12/24/2002,0.00,0.00,0.00,0.07,61.14,38.86
12/17/2002,0.00,0.00,0.00,0.02,59.48,40.52
12/10/2002,0.00,0.00,0.00,39.38,74.32,25.68
12/03/2002,0.00,0.00,0.00,40.06,78.17,21.83
11/26/2002,0.00,0.00,0.00,40.29,78.15,21.85
11/19/2002,0.00,0.00,0.00,40.30,79.07,20.93
11/12/2002,0.00,0.00,0.00,39.95,78.35,21.65
11/05/2002,0.00,0.00,17.93,54.62,84.00,16.00
10/29/2002,0.00,0.00,19.16,54.08,82.37,17.63
10/22/2002,0.00,0.00,19.93,64.19,83.29,16.71
10/15/2002,0.00,0.00,35.28,74.26,99.03,0.97
10/08/2002,0.00,0.00,49.37,77.06,97.20,2.80
10/01/2002,0.00,0.00,47.74,69.35,88.89,11.11
09/24/2002,0.00,0.00,55.00,69.74,79.71,20.29
09/17/2002,0.00,37.83,59.49,68.68,80.83,19.17
09/10/2002,12.68,49.13,69.66,86.85,96.31,3.69
09/03/2002,17.90,46.35,65.70,84.08,93.24,6.76
08/27/2002,14.08,34.55,67.25,84.84,96.42,3.58
08/20/2002,14.36,34.77,67.74,85.17,95.66,4.34
08/13/2002,11.96,33.63,66.97,85.26,94.80,5.20
08/06/2002,0.00,27.23,53.43,79.16,95.96,4.04
07/30/2002,0.00,26.95,51.17,83.16,97.44,2.56
07/23/2002,0.00,35.74,65.49,89.20,99.54,0.46
07/16/2002,0.00,33.92,73.01,94.31,99.72,0.28
07/09/2002,0.00,33.54,75.23,97.99,99.84,0.16
07/02/2002,0.00,33.79,77.53,97.15,100.00,0.00
06/25/2002,0.00,34.07,77.57,96.31,100.00,0.00
06/18/2002,0.00,39.37,82.99,91.81,100.00,0.00
06/11/2002,0.00,36.37,83.40,94.02,99.75,0.25
06/04/2002,0.00,39.14,82.87,94.03,99.90,0.10
05/28/2002,0.00,38.34,85.04,93.68,98.63,1.37
05/21/2002,0.00,28.76,80.00,89.44,96.15,3.85
05/14/2002,0.00,25.47,80.99,88.53,96.13,3.87
05/07/2002,0.00,10.79,57.92,87.73,95.39,4.61
04/30/2002,0.00,9.34,56.09,90.75,99.55,0.45
04/23/2002,0.00,1.03,41.47,73.33,96.78,3.22
04/16/2002,0.00,1.00,40.78,71.56,91.83,8.17
04/09/2002,0.00,4.68,45.56,80.75,97.50,2.50
04/02/2002,0.00,4.45,44.90,80.22,97.56,2.44
03/26/2002,0.00,16.80,71.71,87.22,98.52,1.48
03/19/2002,0.00,17.42,71.62,87.65,98.12,1.88
03/12/2002,0.00,17.24,72.22,89.66,99.14,0.86
03/05/2002,0.00,17.39,56.03,78.70,97.04,2.96
02/26/2002,0.00,19.65,64.99,86.57,99.91,0.09
02/19/2002,0.00,20.39,52.21,81.94,95.27,4.73
02/12/2002,0.00,20.09,53.12,80.76,88.75,11.25
02/05/2002,0.00,21.64,57.88,82.62,92.34,7.66
01/29/2002,0.00,14.05,50.55,82.32,91.52,8.48
01/22/2002,0.00,15.10,55.29,86.19,99.37,0.63
01/15/2002,0.00,18.86,58.24,94.02,100.00,0.00
01/08/2002,0.00,23.12,63.28,97.67,100.00,0.00
01/01/2002,0.00,23.65,67.09,93.61,97.44,2.56
12/25/2001,0.00,1.50,45.45,70.32,97.82,2.18
12/18/2001,0.00,1.50,46.47,70.32,93.25,6.75
12/11/2001,0.00,0.00,43.00,68.11,93.21,6.79
12/04/2001,0.00,0.00,50.56,76.02,100.00,0.00
11/27/2001,0.00,0.00,50.41,76.02,100.00,0.00
11/20/2001,0.00,0.00,47.80,76.08,100.00,0.00
11/13/2001,0.00,0.00,32.35,76.07,100.00,0.00
11/06/2001,0.00,0.00,19.18,65.36,100.00,0.00
10/30/2001,0.00,0.00,13.95,47.54,100.00,0.00
10/23/2001,0.00,0.00,0.06,40.96,76.17,23.83
10/16/2001,0.00,0.00,0.07,20.89,51.48,48.52
10/09/2001,0.00,0.00,0.00,17.23,48.38,51.62
10/02/2001,0.00,0.00,0.00,16.48,45.56,54.44
09/25/2001,0.00,0.00,0.00,0.00,38.50,61.50
09/18/2001,0.00,0.00,0.00,0.00,39.53,60.47
09/11/2001,0.00,0.00,0.00,0.00,7.08,92.92
09/04/2001,0.00,0.00,0.00,0.00,7.08,92.92
08/28/2001,0.00,0.00,0.00,0.00,16.12,83.88
08/21/2001,0.00,0.00,0.00,0.00,7.45,92.55
08/14/2001,0.00,0.00,0.00,1.01,10.87,89.13
08/07/2001,0.00,0.00,0.00,0.77,14.37,85.63
07/31/2001,0.00,0.00,0.00,9.11,41.35,58.65
07/24/2001,0.00,0.00,0.00,9.11,42.43,57.57
07/17/2001,0.00,0.00,0.00,5.77,42.92,57.08
07/10/2001,0.00,0.00,0.00,7.00,42.92,57.08
07/03/2001,0.00,0.00,1.85,17.05,50.68,49.32
06/26/2001,0.00,0.00,6.77,30.00,69.37,30.63
06/19/2001,0.00,0.00,6.77,30.00,69.37,30.63
06/12/2001,0.00,0.21,23.24,59.22,87.89,12.11
06/05/2001,0.00,3.86,36.02,85.70,99.19,0.81
05/29/2001,0.00,0.13,38.88,96.48,100.00,0.00
05/22/2001,0.00,0.53,39.38,96.49,100.00,0.00
05/15/2001,0.00,0.53,39.14,96.49,100.00,0.00
05/08/2001,0.00,0.53,11.20,82.40,100.00,0.00
05/01/2001,0.00,0.06,3.97,69.45,88.07,11.93
04/24/2001,0.00,0.06,2.39,73.86,87.77,12.23
04/17/2001,0.00,0.06,1.82,73.86,87.35,12.65
04/10/2001,0.00,0.00,1.82,70.49,87.74,12.26
04/03/2001,0.00,0.00,1.82,78.41,99.05,0.95
03/27/2001,0.00,0.00,7.76,84.59,98.59,1.41
03/20/2001,0.00,0.00,7.76,86.69,98.08,1.92
03/13/2001,0.00,0.03,10.50,94.50,100.00,0.00
03/06/2001,0.00,0.15,35.34,94.63,100.00,0.00
02/27/2001,0.00,0.48,43.50,99.92,100.00,0.00
02/20/2001,0.00,1.49,43.55,99.92,100.00,0.00
02/13/2001,0.00,0.34,41.78,93.56,99.95,0.05
02/06/2001,0.00,0.00,38.02,80.08,99.95,0.05
01/30/2001,0.00,0.00,38.02,77.10,99.95,0.05
01/23/2001,0.00,0.00,38.02,76.96,98.19,1.81
01/16/2001,0.00,0.17,41.46,78.97,96.67,3.33
01/09/2001,0.00,0.17,41.46,78.97,96.67,3.33
01/02/2001,0.00,0.00,43.83,78.97,96.67,3.33
12/26/2000,0.00,0.00,57.75,85.26,96.67,3.33
12/19/2000,0.00,0.00,60.15,88.12,96.69,3.31
12/12/2000,0.00,0.00,71.16,87.69,96.68,3.32
12/05/2000,0.00,0.00,71.16,88.46,100.00,0.00
11/28/2000,0.00,0.00,72.09,88.46,100.00,0.00
11/21/2000,0.00,6.15,77.04,91.78,100.00,0.00
11/14/2000,0.00,53.39,78.44,90.13,100.00,0.00
11/07/2000,0.00,54.45,78.44,90.12,100.00,0.00
10/31/2000,0.00,54.45,78.44,89.91,100.00,0.00
10/24/2000,0.00,14.41,59.41,79.83,100.00,0.00
10/17/2000,0.00,18.14,49.93,78.72,90.68,9.32
10/10/2000,0.00,11.30,49.96,74.27,85.68,14.32
10/03/2000,0.00,10.68,49.96,74.27,85.61,14.39
09/26/2000,0.00,10.68,49.79,74.27,85.61,14.39
09/19/2000,0.00,42.91,65.63,77.72,85.76,14.24
09/12/2000,0.00,44.46,73.62,83.28,92.27,7.73
09/05/2000,3.27,40.14,74.87,87.16,98.26,1.74
08/29/2000,20.16,53.25,76.47,88.20,98.26,1.74
08/22/2000,20.16,54.17,76.47,88.31,98.10,1.90
08/15/2000,21.67,53.70,78.72,92.89,100.00,0.00
08/08/2000,18.51,55.60,81.28,99.72,100.00,0.00
08/01/2000,27.58,73.04,93.80,100.00,100.00,0.00
07/25/2000,32.02,76.24,95.86,100.00,100.00,0.00
07/18/2000,35.28,86.02,99.27,100.00,100.00,0.00
07/11/2000,44.81,83.71,98.40,100.00,100.00,0.00
07/04/2000,37.29,73.98,96.99,100.00,100.00,0.00
06/27/2000,48.85,86.01,99.97,100.00,100.00,0.00
06/20/2000,47.88,88.92,99.87,100.00,100.00,0.00
06/13/2000,42.83,89.59,99.87,100.00,100.00,0.00
06/06/2000,0.00,44.84,91.05,100.00,100.00,0.00
05/30/2000,0.00,42.12,90.72,100.00,100.00,0.00
05/23/2000,0.00,27.18,83.88,99.19,100.00,0.00
05/16/2000,0.00,27.18,84.12,96.84,100.00,0.00
05/09/2000,0.00,0.00,55.82,95.61,100.00,0.00
05/02/2000,0.00,0.00,54.10,95.10,99.83,0.17
04/25/2000,0.00,0.00,54.10,95.10,99.83,0.17
04/18/2000,0.00,0.00,67.18,98.83,99.75,0.25
04/11/2000,0.00,0.00,38.86,99.30,100.00,0.00
04/04/2000,0.00,0.00,38.86,99.08,100.00,0.00
03/28/2000,0.00,0.00,57.53,100.00,100.00,0.00
03/21/2000,0.00,0.00,66.21,100.00,100.00,0.00
03/14/2000,0.00,0.00,64.60,100.00,100.00,0.00
03/07/2000,0.00,0.00,64.60,100.00,100.00,0.00
02/29/2000,0.00,0.00,63.89,99.98,100.00,0.00
02/22/2000,0.00,0.00,38.71,99.16,100.00,0.00
02/15/2000,0.00,0.00,41.50,99.90,100.00,0.00
02/08/2000,0.00,0.00,41.50,99.90,100.00,0.00
02/01/2000,0.00,0.00,41.25,99.89,100.00,0.00
01/25/2000,0.00,0.00,56.03,100.00,100.00,0.00
01/18/2000,0.00,0.00,57.23,100.00,100.00,0.00
01/11/2000,0.00,0.00,57.23,100.00,100.00,0.00
01/04/2000,0.00,0.00,68.52,100.00,100.00,0.00
